stype,ganztag,type,surveys,rprtpckg,ubb,report_tmpl,video,timestamp
gm,FALSE,all,NA,NA,FALSE,gm_p1,FALSE,2025-01-29T07:49:28Z
gm,TRUE,all,NA,NA,FALSE,gm_p2,FALSE,2025-01-29T07:49:28Z
gm,FALSE,elt,tmpl_bfr_allg_gm_elt_00_2022_p1,tmpl_bfr_allg_gm_00_2022_p1,FALSE,rpt_elt_p1,FALSE,2025-01-29T07:49:28Z
gm,FALSE,elt,tmpl_bfr_allg_gm_elt_00_2022_p3,tmpl_bfr_allg_gm_00_2022_p1,FALSE,rpt_elt_p1,FALSE,2025-01-29T07:49:28Z
gm,TRUE,elt,tmpl_bfr_allg_gm_elt_01_2022_p2,tmpl_bfr_allg_gm_01_2022_p2,FALSE,rpt_elt_p2,FALSE,2025-01-29T07:49:28Z
gm,TRUE,elt,tmpl_bfr_allg_gm_elt_01_2022_p4,tmpl_bfr_allg_gm_01_2022_p2,FALSE,rpt_elt_p2,FALSE,2025-01-29T07:49:28Z
gm,FALSE,leh,tmpl_bfr_allg_gm_leh_00_2022_p1,tmpl_bfr_allg_gm_00_2022_p1,FALSE,rpt_leh_p1,FALSE,2025-01-29T07:49:28Z
gm,TRUE,leh,tmpl_bfr_allg_gm_leh_00_2022_p2,tmpl_bfr_allg_gm_00_2022_p2,FALSE,rpt_leh_p2,FALSE,2025-01-29T07:49:28Z
gm,FALSE,leh,tmpl_bfr_allg_gm_leh_00_2022_p3,tmpl_bfr_allg_gm_00_2022_p1,FALSE,rpt_leh_p1,FALSE,2025-01-29T07:49:28Z
gm,TRUE,leh,tmpl_bfr_allg_gm_leh_00_2022_p4,tmpl_bfr_allg_gm_00_2022_p2,FALSE,rpt_leh_p2,FALSE,2025-01-29T07:49:28Z
gm,TRUE,sus,tmpl_bfr_allg_gm_sus_02_2022_p2,tmpl_bfr_allg_gm_02_2022_p2,FALSE,rpt_sus_gm_p2,FALSE,2025-01-29T07:49:28Z
gm,TRUE,sus,tmpl_bfr_allg_gm_sus_02_2022_p4,tmpl_bfr_allg_gm_02_2022_p2,FALSE,rpt_sus_gm_p2,FALSE,2025-01-29T07:49:28Z
gm,TRUE,sus,tmpl_bfr_allg_gm_sus_03_2022_p2,tmpl_bfr_allg_gm_03_2022_p2,FALSE,rpt_sus_gm_p2,FALSE,2025-01-29T07:49:28Z
gm,TRUE,sus,tmpl_bfr_allg_gm_sus_03_2022_p4,tmpl_bfr_allg_gm_03_2022_p2,FALSE,rpt_sus_gm_p2,FALSE,2025-01-29T07:49:28Z
gm,FALSE,sus,tmpl_bfr_allg_gm_sus_06_2022_p1,tmpl_bfr_allg_gm_06_2022_p1,FALSE,rpt_sus_gm_p1,FALSE,2025-01-29T07:49:28Z
gm,TRUE,sus,tmpl_bfr_allg_gm_sus_06_2022_p2,tmpl_bfr_allg_gm_06_2022_p2,FALSE,rpt_sus_gm_p2,FALSE,2025-01-29T07:49:28Z
gm,FALSE,sus,tmpl_bfr_allg_gm_sus_06_2022_p3,tmpl_bfr_allg_gm_06_2022_p1,FALSE,rpt_sus_gm_p1,FALSE,2025-01-29T07:49:28Z
gm,TRUE,sus,tmpl_bfr_allg_gm_sus_06_2022_p4,tmpl_bfr_allg_gm_06_2022_p2,FALSE,rpt_sus_gm_p2,FALSE,2025-01-29T07:49:28Z
gs,FALSE,elt,tmpl_bfr_allg_gs_elt_00_2022_p1,tmpl_bfr_allg_gs_00_2022_p1,FALSE,rpt_elt_p1,FALSE,2025-01-29T07:49:28Z
gs,FALSE,leh,tmpl_bfr_allg_gs_leh_00_2022_p1,tmpl_bfr_allg_gs_00_2022_p1,FALSE,rpt_leh_gs_p1,FALSE,2025-01-29T07:49:28Z
gs,FALSE,sus,tmpl_bfr_allg_gs_sus_00_2022_p1,tmpl_bfr_allg_gs_00_2022_p1,FALSE,rpt_sus_gs_p1,FALSE,2025-01-29T07:49:28Z
gs,FALSE,sus,tmpl_bfr_allg_gs_sus_00_2022_p3,tmpl_bfr_allg_gs_00_2022_p1,FALSE,rpt_sus_gs_p1,FALSE,2025-01-29T07:49:28Z
gs,FALSE,elt,tmpl_bfr_allg_gs_elt_00_2022_p3,tmpl_bfr_allg_gs_00_2022_p1,FALSE,rpt_elt_p1,FALSE,2025-01-29T07:49:28Z
gs,FALSE,leh,tmpl_bfr_allg_gs_leh_00_2022_p3,tmpl_bfr_allg_gs_00_2022_p1,FALSE,rpt_leh_gs_p1,FALSE,2025-01-29T07:49:28Z
gs,TRUE,leh,tmpl_bfr_allg_gs_leh_00_2022_p2,tmpl_bfr_allg_gs_00_2022_p2,FALSE,rpt_leh_gs_p2,FALSE,2025-01-29T07:49:28Z
gs,TRUE,sus,tmpl_bfr_allg_gs_sus_00_2022_p2,tmpl_bfr_allg_gs_00_2022_p2,FALSE,rpt_sus_gs_p2,FALSE,2025-01-29T07:49:28Z
gs,TRUE,sus,tmpl_bfr_allg_gs_sus_00_2022_p4,tmpl_bfr_allg_gs_00_2022_p2,FALSE,rpt_sus_gs_p2,FALSE,2025-01-29T07:49:28Z
gs,TRUE,sus,tmpl_bfr_allg_gs_sus_02_2022_p2,tmpl_bfr_allg_gs_00_2022_p2,FALSE,rpt_sus_gs_p2,FALSE,2025-01-29T07:49:28Z
gs,TRUE,leh,tmpl_bfr_allg_gs_leh_00_2022_p4,tmpl_bfr_allg_gs_00_2022_p2,FALSE,rpt_leh_gs_p2,FALSE,2025-01-29T07:49:28Z
gs,TRUE,sus,tmpl_bfr_allg_gs_sus_02_2022_p4,tmpl_bfr_allg_gs_00_2022_p2,FALSE,rpt_sus_gs_p2,FALSE,2025-01-29T07:49:28Z
gs,TRUE,elt,tmpl_bfr_allg_gs_elt_01_2022_p2,tmpl_bfr_allg_gs_01_2022_p2,FALSE,rpt_elt_p2,FALSE,2025-01-29T07:49:28Z
gs,TRUE,elt,tmpl_bfr_allg_gs_elt_01_2022_p4,tmpl_bfr_allg_gs_01_2022_p2,FALSE,rpt_elt_p2,FALSE,2025-01-29T07:49:28Z
gy,FALSE,elt,tmpl_bfr_allg_gy_elt_00_2022_p1,tmpl_bfr_allg_gy_00_2022_p1,FALSE,rpt_elt_p1,FALSE,2025-01-29T07:49:28Z
gy,FALSE,leh,tmpl_bfr_allg_gy_leh_00_2022_p1,tmpl_bfr_allg_gy_00_2022_p1,FALSE,rpt_leh_p1,FALSE,2025-01-29T07:49:28Z
gy,FALSE,sus,tmpl_bfr_allg_gy_sus_00_2022_p1,tmpl_bfr_allg_gy_00_2022_p1,FALSE,rpt_sus_p1,FALSE,2025-01-29T07:49:28Z
gy,TRUE,elt,tmpl_bfr_allg_gy_elt_01_2022_p2,tmpl_bfr_allg_gy_00_2022_p2,FALSE,rpt_elt_p2,FALSE,2025-01-29T07:49:28Z
gy,TRUE,leh,tmpl_bfr_allg_gy_leh_00_2022_p2,tmpl_bfr_allg_gy_00_2022_p2,FALSE,rpt_leh_p2,FALSE,2025-01-29T07:49:28Z
gy,TRUE,sus,tmpl_bfr_allg_gy_sus_00_2022_p2,tmpl_bfr_allg_gy_00_2022_p2,FALSE,rpt_sus_p2,FALSE,2025-01-29T07:49:28Z
gy,TRUE,sus,tmpl_bfr_allg_gy_sus_03_2022_p2,tmpl_bfr_allg_gy_00_2022_p2,FALSE,rpt_sus_p2,FALSE,2025-01-29T07:49:28Z
ms,FALSE,leh,tmpl_bfr_allg_ms_leh_00_2022_p1,tmpl_bfr_allg_ms_00_2022_p1,FALSE,rpt_leh_p1,FALSE,2025-01-29T07:49:28Z
ms,FALSE,elt,tmpl_bfr_allg_ms_elt_00_2022_p1,tmpl_bfr_allg_ms_00_2022_p1,FALSE,rpt_elt_p1,FALSE,2025-01-29T07:49:28Z
ms,FALSE,sus,tmpl_bfr_allg_ms_sus_00_2022_p1,tmpl_bfr_allg_ms_00_2022_p1,FALSE,rpt_sus_p1,FALSE,2025-01-29T07:49:28Z
ms,TRUE,leh,tmpl_bfr_allg_ms_leh_00_2022_p2,tmpl_bfr_allg_ms_00_2022_p2,FALSE,rpt_leh_p2,FALSE,2025-01-29T07:49:28Z
ms,TRUE,elt,tmpl_bfr_allg_ms_elt_01_2022_p2,tmpl_bfr_allg_ms_00_2022_p2,FALSE,rpt_elt_p2,FALSE,2025-01-29T07:49:28Z
ms,TRUE,sus,tmpl_bfr_allg_ms_sus_00_2022_p2,tmpl_bfr_allg_ms_00_2022_p2,FALSE,rpt_sus_p2,FALSE,2025-01-29T07:49:28Z
ms,TRUE,sus,tmpl_bfr_allg_ms_sus_03_2022_p2,tmpl_bfr_allg_ms_00_2022_p2,FALSE,rpt_sus_p2,FALSE,2025-01-29T07:49:28Z
rs,FALSE,elt,tmpl_bfr_allg_rs_elt_00_2022_p1,tmpl_bfr_allg_rs_00_2022_p1,FALSE,rpt_elt_p1,FALSE,2025-01-29T07:49:28Z
rs,FALSE,leh,tmpl_bfr_allg_rs_leh_00_2022_p1,tmpl_bfr_allg_rs_00_2022_p1,FALSE,rpt_leh_p1,FALSE,2025-01-29T07:49:28Z
rs,FALSE,sus,tmpl_bfr_allg_rs_sus_00_2022_p1,tmpl_bfr_allg_rs_00_2022_p1,FALSE,rpt_sus_p1,FALSE,2025-01-29T07:49:28Z
rs,TRUE,elt,tmpl_bfr_allg_rs_elt_01_2022_p2,tmpl_bfr_allg_rs_00_2022_p2,FALSE,rpt_elt_p2,FALSE,2025-01-29T07:49:28Z
rs,TRUE,sus,tmpl_bfr_allg_rs_sus_00_2022_p2,tmpl_bfr_allg_rs_00_2022_p2,FALSE,rpt_sus_p2,FALSE,2025-01-29T07:49:28Z
rs,TRUE,sus,tmpl_bfr_allg_rs_sus_03_2022_p2,tmpl_bfr_allg_rs_00_2022_p2,FALSE,rpt_sus_p2,FALSE,2025-01-29T07:49:28Z
rs,TRUE,leh,tmpl_bfr_allg_rs_leh_00_2022_p2,tmpl_bfr_allg_rs_00_2022_p2,FALSE,rpt_leh_p2,FALSE,2025-01-29T07:49:28Z
beru_bq,FALSE,leh,tmpl_bfr_beru_bq_leh_00_2022_p1,tmpl_bfr_beru_bq_00_2022_p1,FALSE,rpt_leh_bq_p1,FALSE,2025-01-29T07:49:28Z
beru_bq,FALSE,elt,tmpl_bfr_beru_bq_elt_00_2022_p1,tmpl_bfr_beru_bq_00_2022_p1,FALSE,rpt_elt_bq_p1,FALSE,2025-01-29T07:49:28Z
beru_bq,FALSE,aus,tmpl_bfr_beru_bq_aus_00_2022_p1,tmpl_bfr_beru_bq_00_2022_p1,FALSE,rpt_aus_bq_p1,FALSE,2025-01-29T07:49:28Z
beru_bq,FALSE,sus,tmpl_bfr_beru_bq_sus_00_2022_p1,tmpl_bfr_beru_bq_00_2022_p1,FALSE,rpt_sus_bq_p1,FALSE,2025-01-29T07:49:28Z
beru_fb,FALSE,leh,tmpl_bfr_beru_fb_leh_00_2022_p1,tmpl_bfr_beru_fb_00_2022_p1,FALSE,rpt_leh_fb_p1,FALSE,2025-01-29T07:49:28Z
beru_fb,FALSE,elt,tmpl_bfr_beru_fb_elt_00_2022_p1,tmpl_bfr_beru_fb_00_2022_p1,FALSE,rpt_elt_p1,FALSE,2025-01-29T07:49:28Z
beru_fb,FALSE,sus,tmpl_bfr_beru_fb_sus_00_2022_p1,tmpl_bfr_beru_fb_00_2022_p1,FALSE,rpt_sus_fb_p1,FALSE,2025-01-29T07:49:28Z
beru_ws,FALSE,leh,tmpl_bfr_beru_ws_leh_00_2022_p1,tmpl_bfr_beru_ws_00_2022_p1,FALSE,rpt_leh_p1,FALSE,2025-01-29T07:49:28Z
beru_ws,FALSE,elt,tmpl_bfr_beru_ws_elt_00_2022_p1,tmpl_bfr_beru_ws_00_2022_p1,FALSE,rpt_elt_p1,FALSE,2025-01-29T07:49:28Z
beru_ws,FALSE,sus,tmpl_bfr_beru_ws_sus_00_2022_p1,tmpl_bfr_beru_ws_00_2022_p1,FALSE,rpt_sus_p1,FALSE,2025-01-29T07:49:28Z
beru_ws,TRUE,leh,tmpl_bfr_beru_ws_leh_00_2022_p2,tmpl_bfr_beru_ws_00_2022_p2,FALSE,rpt_leh_p2,FALSE,2025-01-29T07:49:28Z
beru_ws,TRUE,sus,tmpl_bfr_beru_ws_sus_00_2022_p2,tmpl_bfr_beru_ws_00_2022_p2,FALSE,rpt_sus_p2,FALSE,2025-01-29T07:49:28Z
beru_ws,TRUE,sus,tmpl_bfr_beru_ws_sus_03_2022_p2,tmpl_bfr_beru_ws_00_2022_p2,FALSE,rpt_sus_p2,FALSE,2025-01-29T07:49:28Z
beru_ws,TRUE,elt,tmpl_bfr_beru_ws_elt_01_2022_p2,tmpl_bfr_beru_ws_01_2022_p2,FALSE,rpt_elt_p2,FALSE,2025-01-29T07:49:28Z
zspf_bq,FALSE,leh,tmpl_bfr_zspf_bq_leh_00_2022_p1,tmpl_bfr_zspf_bq_00_2022_p1,FALSE,rpt_leh_bq_p1,FALSE,2025-01-29T07:49:28Z
zspf_bq,FALSE,elt,tmpl_bfr_zspf_bq_elt_00_2022_p1,tmpl_bfr_zspf_bq_00_2022_p1,FALSE,rpt_elt_bq_p1,FALSE,2025-01-29T07:49:28Z
zspf_bq,FALSE,aus,tmpl_bfr_zspf_bq_aus_00_2022_p1,tmpl_bfr_zspf_bq_00_2022_p1,FALSE,rpt_aus_bq_p1,FALSE,2025-01-29T07:49:28Z
zspf_bq,FALSE,sus,tmpl_bfr_zspf_bq_sus_00_2022_p1,tmpl_bfr_zspf_bq_00_2022_p1,FALSE,rpt_sus_bq_p1,FALSE,2025-01-29T07:49:28Z
zspf_fz,FALSE,elt,tmpl_bfr_zspf_fz_elt_00_2022_p1,tmpl_bfr_zspf_fz_00_2022_p1,FALSE,rpt_elt_fz_p1,FALSE,2025-01-29T07:49:28Z
zspf_fz,FALSE,leh,tmpl_bfr_zspf_fz_leh_00_2022_p1,tmpl_bfr_zspf_fz_00_2022_p1,FALSE,rpt_leh_fz_p1,FALSE,2025-01-29T07:49:28Z
zspf_fz,FALSE,elt,tmpl_bfr_zspf_fz_elt_00_2022_p3,tmpl_bfr_zspf_fz_00_2022_p1,FALSE,rpt_elt_fz_p1,FALSE,2025-01-29T07:49:28Z
zspf_fz,FALSE,leh,tmpl_bfr_zspf_fz_leh_00_2022_p3,tmpl_bfr_zspf_fz_00_2022_p1,FALSE,rpt_leh_fz_p1,FALSE,2025-01-29T07:49:28Z
zspf_fz,TRUE,leh,tmpl_bfr_zspf_fz_leh_00_2022_p2,tmpl_bfr_zspf_fz_00_2022_p2,FALSE,rpt_leh_fz_p2,FALSE,2025-01-29T07:49:28Z
zspf_fz,TRUE,leh,tmpl_bfr_zspf_fz_leh_00_2022_p4,tmpl_bfr_zspf_fz_00_2022_p2,FALSE,rpt_leh_fz_p2,FALSE,2025-01-29T07:49:28Z
zspf_fz,TRUE,elt,tmpl_bfr_zspf_fz_elt_01_2022_p2,tmpl_bfr_zspf_fz_01_2022_p2,FALSE,rpt_elt_fz_p2,FALSE,2025-01-29T07:49:28Z
zspf_fz,TRUE,elt,tmpl_bfr_zspf_fz_elt_01_2022_p4,tmpl_bfr_zspf_fz_01_2022_p2,FALSE,rpt_elt_fz_p2,FALSE,2025-01-29T07:49:28Z
zspf_fz,TRUE,sus,tmpl_bfr_zspf_fz_sus_02_2022_p2,tmpl_bfr_zspf_fz_02_2022_p2,FALSE,rpt_sus_fz_p2,FALSE,2025-01-29T07:49:28Z
zspf_fz,TRUE,sus,tmpl_bfr_zspf_fz_sus_02_2022_p4,tmpl_bfr_zspf_fz_02_2022_p2,FALSE,rpt_sus_fz_p2,FALSE,2025-01-29T07:49:28Z
zspf_fz,FALSE,sus,tmpl_bfr_zspf_fz_sus_04_2022_p1,tmpl_bfr_zspf_fz_04_2022_p1,FALSE,rpt_sus_fz_p1,FALSE,2025-01-29T07:49:28Z
zspf_fz,FALSE,sus,tmpl_bfr_zspf_fz_sus_04_2022_p3,tmpl_bfr_zspf_fz_04_2022_p1,FALSE,rpt_sus_fz_p1,FALSE,2025-01-29T07:49:28Z
zspf_fz,TRUE,sus,tmpl_bfr_zspf_fz_sus_04_2022_p2,tmpl_bfr_zspf_fz_04_2022_p2,FALSE,rpt_sus_fz_p2,FALSE,2025-01-29T07:49:28Z
zspf_fz,TRUE,sus,tmpl_bfr_zspf_fz_sus_04_2022_p4,tmpl_bfr_zspf_fz_04_2022_p2,FALSE,rpt_sus_fz_p2,FALSE,2025-01-29T07:49:28Z
zspf_fz,FALSE,sus,tmpl_bfr_zspf_fz_sus_05_2022_p1,tmpl_bfr_zspf_fz_05_2022_p1,FALSE,rpt_sus_fz_p1,FALSE,2025-01-29T07:49:28Z
zspf_fz,FALSE,sus,tmpl_bfr_zspf_fz_sus_05_2022_p3,tmpl_bfr_zspf_fz_05_2022_p1,FALSE,rpt_sus_fz_p1,FALSE,2025-01-29T07:49:28Z
zspf_fz,TRUE,sus,tmpl_bfr_zspf_fz_sus_05_2022_p2,tmpl_bfr_zspf_fz_05_2022_p2,FALSE,rpt_sus_fz_p2,FALSE,2025-01-29T07:49:28Z
zspf_fz,TRUE,sus,tmpl_bfr_zspf_fz_sus_05_2022_p4,tmpl_bfr_zspf_fz_05_2022_p2,FALSE,rpt_sus_fz_p2,FALSE,2025-01-29T07:49:28Z
gm,FALSE,sus,tmpl_bfr_allg_gm_sus_07_2022_p1,tmpl_bfr_allg_gm_07_2022_p1,FALSE,rpt_sus_gm_p1,FALSE,2025-01-29T07:49:28Z
beru_bq,FALSE,aus,tmpl_bfr_beru_bq_aus_00_2022_p5,NA,FALSE,rpt_aus_bq_p1,FALSE,2025-01-29T07:49:28Z
beru_bq,FALSE,leh,tmpl_bfr_beru_bq_leh_00_2022_p5,NA,FALSE,rpt_leh_bq_p1,FALSE,2025-01-29T07:49:28Z
beru_bq,FALSE,sus,tmpl_bfr_beru_bq_sus_00_2022_p5,NA,FALSE,rpt_sus_bq_p1,FALSE,2025-01-29T07:49:28Z
beru_bq,FALSE,all,NA,NA,FALSE,rpt_all_bq_p1,FALSE,2025-01-29T07:49:28Z
beru_fb,FALSE,all,NA,NA,FALSE,rpt_all_fb_p1,FALSE,2025-01-29T07:49:28Z
beru_ws,TRUE,all,NA,NA,FALSE,rpt_all_p2,FALSE,2025-01-29T07:49:28Z
beru_ws,FALSE,all,NA,NA,FALSE,rpt_all_p1,FALSE,2025-01-29T07:49:28Z
beru_ws,FALSE,all,NA,NA,FALSE,rpt_all_p1,FALSE,2025-01-29T07:49:28Z
gm,TRUE,sus,tmpl_bfr_allg_gm_sus_07_2022_p2,tmpl_bfr_allg_gm_07_2022_p2,FALSE,rpt_sus_gm_p2,FALSE,2025-01-29T07:49:28Z
gm,FALSE,sus,tmpl_bfr_allg_gm_sus_07_2022_p3,tmpl_bfr_allg_gm_07_2022_p1,FALSE,rpt_sus_gm_p1,FALSE,2025-01-29T07:49:28Z
gm,TRUE,sus,tmpl_bfr_allg_gm_sus_07_2022_p4,tmpl_bfr_allg_gm_07_2022_p2,FALSE,rpt_sus_gm_p2,FALSE,2025-01-29T07:49:28Z
gy,TRUE,all,NA,NA,FALSE,rpt_all_p2,FALSE,2025-01-29T07:49:28Z
gy,FALSE,all,NA,NA,FALSE,rpt_all_p1,FALSE,2025-01-29T07:49:28Z
gy,FALSE,all,NA,NA,FALSE,rpt_all_p1,FALSE,2025-01-29T07:49:28Z
ms,FALSE,all,NA,NA,FALSE,ms_p1,FALSE,2025-01-29T07:49:28Z
ms,TRUE,all,NA,NA,FALSE,ms_p2,FALSE,2025-01-29T07:49:28Z
rs,FALSE,all,NA,NA,FALSE,rpt_all_p1,FALSE,2025-01-29T07:49:28Z
rs,TRUE,all,NA,NA,FALSE,rpt_all_p2,FALSE,2025-01-29T07:49:28Z
rs,FALSE,all,NA,NA,FALSE,rpt_all_p1,FALSE,2025-01-29T07:49:28Z
zspf_bq,FALSE,all,NA,NA,FALSE,rpt_all_bq_p1,FALSE,2025-01-29T07:49:28Z
zspf_fz,FALSE,all,NA,NA,FALSE,rpt_all_fz_p1,FALSE,2025-01-29T07:49:28Z
zspf_fz,TRUE,all,NA,NA,FALSE,rpt_all_fz_p2,FALSE,2025-01-29T07:49:28Z
beru_bq,FALSE,all,NA,NA,FALSE,rpt_all_bq_p5,FALSE,2025-01-29T07:49:28Z
gs,FALSE,all,NA,NA,FALSE,gs_p1,FALSE,2025-01-29T07:49:28Z
gs,TRUE,all,NA,NA,FALSE,gs_p2,FALSE,2025-01-29T07:49:28Z
gs,FALSE,ubb,tmpl_ubb_allg_gs_eva_00_2022_p1,tmpl_ubb_allg_gs_eva_00_2022_p1,TRUE,rpt_ubb_gs_p1,NA,2025-01-29T07:49:28Z
gy,FALSE,ubb,tmpl_ubb_allg_gy_eva_00_2022_p1,tmpl_ubb_allg_gy_eva_00_2022_p1,TRUE,rpt_ubb_fb_p1,NA,2025-01-29T07:49:28Z
ms,FALSE,ubb,tmpl_ubb_allg_ms_eva_00_2022_p1,tmpl_ubb_allg_ms_eva_00_2022_p1,TRUE,rpt_ubb_ms_p1,NA,2025-01-29T07:49:28Z
rs,FALSE,ubb,tmpl_ubb_allg_rs_eva_00_2022_p1,tmpl_ubb_allg_rs_eva_00_2022_p1,TRUE,rpt_ubb_p1,NA,2025-01-29T07:49:28Z
beru_bq,FALSE,ubb,tmpl_ubb_beru_bq_eva_00_2022_p1,tmpl_ubb_beru_bq_eva_00_2022_p1,TRUE,rpt_ubb_p1,NA,2025-01-29T07:49:28Z
beru_fb,FALSE,ubb,tmpl_ubb_beru_fb_eva_00_2022_p1,tmpl_ubb_beru_fb_eva_00_2022_p1,TRUE,rpt_ubb_fb_p1,NA,2025-01-29T07:49:28Z
beru_ws,FALSE,ubb,tmpl_ubb_beru_ws_eva_00_2022_p1,tmpl_ubb_beru_ws_eva_00_2022_p1,TRUE,rpt_ubb_p1,NA,2025-01-29T07:49:28Z
zspf_bq,FALSE,ubb,tmpl_ubb_zspf_bq_eva_00_2022_p1,tmpl_ubb_zspf_bq_eva_00_2022_p1,TRUE,rpt_ubb_p1,NA,2025-01-29T07:49:28Z
zspf_fz,FALSE,ubb,tmpl_ubb_zspf_fz_eva_00_2022_p1,tmpl_ubb_zspf_fz_eva_00_2022_p1,TRUE,rpt_ubb_fz_p1,NA,2025-01-29T07:49:28Z
gm,FALSE,ubb,tmpl_ubb_allg_gm_eva_00_2022_p1,tmpl_ubb_allg_gm_eva_00_2022_p1,TRUE,rpt_ubb_gm_p1,NA,2025-01-29T07:49:28Z
