sart,pckg,survey,surveyls_title,template,rpt,rpt_overall,surveyID,bfr_grp,frml_bfr_grp
kombinierte Grund- und Mittelschule,Fragebogenpaket Grund-Mittelschule mit Videos,bfr,master_01_bfr_allg_gm_elt_00_2022_v4,tmpl_bfr_allg_gm_elt_00_2022_p1,rpt_elt_p1,gm_p1,197865,Elt,elt_00
kombinierte Grund- und Mittelschule,Fragebogenpaket Grund-Mittelschule,bfr,master_01_bfr_allg_gm_elt_00_2022_v4,tmpl_bfr_allg_gm_elt_00_2022_p3,rpt_elt_p1,gm_p3,197865,Elt,elt_00
kombinierte Grund- und Mittelschule,Fragebogenpaket Grund-Mittelschule mit Videos,bfr,master_03_bfr_allg_gm_leh_00_2022_v4,tmpl_bfr_allg_gm_leh_00_2022_p1,rpt_leh_p1,gm_p1,866667,LK,leh_00
kombinierte Grund- und Mittelschule,Fragebogenpaket Grund-Mittelschule,bfr,master_03_bfr_allg_gm_leh_00_2022_v4,tmpl_bfr_allg_gm_leh_00_2022_p3,rpt_leh_p1,gm_p3,866667,LK,leh_00
kombinierte Grund- und Mittelschule,Fragebogenpaket Grund-Mittelschule mit Videos und offenem Ganztag,bfr,master_03_bfr_allg_gm_leh_00_2022_v4,tmpl_bfr_allg_gm_leh_00_2022_p2,rpt_leh_p2,gm_p2,866667,LK,leh_00
kombinierte Grund- und Mittelschule,Fragebogenpaket Grund-Mittelschule mit offenem Ganztag,bfr,master_03_bfr_allg_gm_leh_00_2022_v4,tmpl_bfr_allg_gm_leh_00_2022_p4,rpt_leh_p2,gm_p4,866667,LK,leh_00
kombinierte Grund- und Mittelschule,Fragebogenpaket Grund-Mittelschule mit Videos und offenem Ganztag,bfr,master_02_bfr_allg_gm_elt_01_2022_v4,tmpl_bfr_allg_gm_elt_01_2022_p2,rpt_elt_p2,gm_p2,943467,Elt Ganztag,elt_01
kombinierte Grund- und Mittelschule,Fragebogenpaket Grund-Mittelschule mit offenem Ganztag,bfr,master_02_bfr_allg_gm_elt_01_2022_v4,tmpl_bfr_allg_gm_elt_01_2022_p4,rpt_elt_p2,gm_p4,943467,Elt Ganztag,elt_01
kombinierte Grund- und Mittelschule,Fragebogenpaket Grund-Mittelschule mit Videos und offenem Ganztag,bfr,master_08_bfr_allg_gs_sus_02_2022_v4,tmpl_bfr_allg_gm_sus_02_2022_p2,rpt_sus_gm_p2,gm_p2,956526,SuS Ganztag Primarst.,sus_02
kombinierte Grund- und Mittelschule,Fragebogenpaket Grund-Mittelschule mit offenem Ganztag,bfr,master_08_bfr_allg_gs_sus_02_2022_v4,tmpl_bfr_allg_gm_sus_02_2022_p4,rpt_sus_gm_p2,gm_p4,956526,SuS Ganztag Primarst.,sus_02
kombinierte Grund- und Mittelschule,Fragebogenpaket Grund-Mittelschule mit Videos und offenem Ganztag,bfr,master_16_bfr_allg_ms_sus_03_2022_v4,tmpl_bfr_allg_gm_sus_03_2022_p2,rpt_sus_gm_p2,gm_p2,778471,SuS Ganztag Sekundarst.,sus_03
kombinierte Grund- und Mittelschule,Fragebogenpaket Grund-Mittelschule mit offenem Ganztag,bfr,master_16_bfr_allg_ms_sus_03_2022_v4,tmpl_bfr_allg_gm_sus_03_2022_p4,rpt_sus_gm_p2,gm_p4,778471,SuS Ganztag Sekundarst.,sus_03
kombinierte Grund- und Mittelschule,Fragebogenpaket Grund-Mittelschule mit Videos,bfr,master_07_bfr_allg_gs_sus_00_2022_v4,tmpl_bfr_allg_gm_sus_06_2022_p1,rpt_sus_gm_p1,gm_p1,386673,SuS GS,sus_06
kombinierte Grund- und Mittelschule,Fragebogenpaket  Grund-Mittelschule mit Videos und offenem Ganztag,bfr,master_07_bfr_allg_gs_sus_00_2022_v4,tmpl_bfr_allg_gm_sus_06_2022_p2,rpt_sus_gm_p2,gm_p2,386673,SuS GS,sus_06
Grundschule,Fragebogenpaket Grundschule mit Videos,bfr,master_07_bfr_allg_gs_sus_00_2022_v4,tmpl_bfr_allg_gs_sus_00_2022_p1,rpt_sus_gs_p1,gs_p1,386673,SuS,sus_00
Grundschule,Fragebogenpaket Grundschule mit Videos und offenem Ganztag,bfr,master_07_bfr_allg_gs_sus_00_2022_v4,tmpl_bfr_allg_gs_sus_00_2022_p2,rpt_sus_gs_p2,gs_p2,386673,SuS,sus_00
kombinierte Grund- und Mittelschule,Fragebogenpaket  Grund-Mittelschule mit Videos,bfr,master_15_bfr_allg_ms_sus_00_2022_v4,tmpl_bfr_allg_gm_sus_07_2022_p1,rpt_sus_gm_p1,gm_p1,794774,SuS MS,sus_07
kombinierte Grund- und Mittelschule,Fragebogenpaket Grund-Mittelschule,bfr,master_15_bfr_allg_ms_sus_00_2022_v4,tmpl_bfr_allg_gm_sus_07_2022_p3,rpt_sus_gm_p1,gm_p3,794774,SuS MS,sus_07
kombinierte Grund- und Mittelschule,Fragebogenpaket  Grund-Mittelschule mit Videos und offenem Ganztag,bfr,master_15_bfr_allg_ms_sus_00_2022_v4,tmpl_bfr_allg_gm_sus_07_2022_p2,rpt_sus_gm_p2,gm_p2,794774,SuS MS,sus_07
kombinierte Grund- und Mittelschule,Fragebogenpaket Grund-Mittelschule mit offenem Ganztag,bfr,master_15_bfr_allg_ms_sus_00_2022_v4,tmpl_bfr_allg_gm_sus_07_2022_p4,rpt_sus_gm_p2,gm_p4,794774,SuS MS,sus_07
Grundschule,Fragebogenpaket Grundschule mit Videos,bfr,master_04_bfr_allg_gs_elt_00_2022_v4,tmpl_bfr_allg_gs_elt_00_2022_p1,rpt_elt_p1,gs_p1,383484,Elt,elt_00
Grundschule,Fragebogenpaket Grundschule,bfr,master_04_bfr_allg_gs_elt_00_2022_v4,tmpl_bfr_allg_gs_elt_00_2022_p3,rpt_elt_p1,gs_p3,383484,Elt,elt_00
Grundschule,Fragebogenpaket Grundschule mit Videos und offenem Ganztag,bfr,master_05_bfr_allg_gs_elt_01_2022_v4,tmpl_bfr_allg_gs_elt_01_2022_p2,rpt_elt_p2,gs_p2,687118,Elt Ganztag,elt_01
Grundschule,Fragebogenpaket Grundschule mit offenem Ganztag,bfr,master_05_bfr_allg_gs_elt_01_2022_v4,tmpl_bfr_allg_gs_elt_01_2022_p4,rpt_elt_p2,gs_p4,687118,Elt Ganztag,elt_01
Grundschule,Fragebogenpaket Grundschule mit Videos,bfr,master_06_bfr_allg_gs_leh_00_2022_v4,tmpl_bfr_allg_gs_leh_00_2022_p1,rpt_leh_gs_p1,gs_p1,661758,LK,leh_00
Grundschule,Fragebogenpaket Grundschule,bfr,master_06_bfr_allg_gs_leh_00_2022_v4,tmpl_bfr_allg_gs_leh_00_2022_p3,rpt_leh_gs_p1,gs_p3,661758,LK,leh_00
Grundschule,Fragebogenpaket Grundschule mit Videos und offenem Ganztag,bfr,master_06_bfr_allg_gs_leh_00_2022_v4,tmpl_bfr_allg_gs_leh_00_2022_p2,rpt_leh_gs_p2,gs_p2,661758,LK,leh_00
Grundschule,Fragebogenpaket Grundschule mit offenem Ganztag,bfr,master_06_bfr_allg_gs_leh_00_2022_v4,tmpl_bfr_allg_gs_leh_00_2022_p4,rpt_leh_gs_p2,gs_p4,661758,LK,leh_00
Förderzentrum,Fragebogenpaket Förderzentren mit Videos,bfr,master_07_bfr_allg_gs_sus_00_2022_v4,tmpl_bfr_zspf_fz_sus_04_2022_p1,rpt_sus_fz_p1,fz_p1,386673,SuS GS,sus_04
Förderzentrum,Fragebogenpaket Förderzentren mit Videos und offenem Ganztag,bfr,master_07_bfr_allg_gs_sus_00_2022_v4,tmpl_bfr_zspf_fz_sus_04_2022_p2,rpt_sus_fz_p2,fz_p2,386673,SuS GS,sus_04
Förderzentrum,Fragebogenpaket Förderzentren mit Videos,bfr,master_28_bfr_zspf_fz_sus_05_2022_v4,tmpl_bfr_zspf_fz_sus_05_2022_p1,rpt_sus_fz_p1,fz_p1,673836,SuS MS,sus_05
Förderzentrum,Fragebogenpaket Förderzentren mit Videos und offenem Ganztag,bfr,master_28_bfr_zspf_fz_sus_05_2022_v4,tmpl_bfr_zspf_fz_sus_05_2022_p2,rpt_sus_fz_p2,fz_p2,673836,SuS MS,sus_05
Grundschule,Fragebogenpaket Grundschule mit Videos und offenem Ganztag,bfr,master_08_bfr_allg_gs_sus_02_2022_v4,tmpl_bfr_allg_gs_sus_02_2022_p2,rpt_sus_gs_p2,gs_p2,956526,SuS Ganztag Primarst.,sus_02
Grundschule,Fragebogenpaket Grundschule mit offenem Ganztag,bfr,master_08_bfr_allg_gs_sus_02_2022_v4,tmpl_bfr_allg_gs_sus_02_2022_p4,rpt_sus_gs_p2,gs_p4,956526,SuS Ganztag Primarst.,sus_02
Gymnasium,Fragebogenpaket Gymnasium,bfr,master_09_bfr_allg_gy_elt_00_2022_v4,tmpl_bfr_allg_gy_elt_00_2022_p1,rpt_elt_p1,gy_p1,533711,Elt,elt_00
Gymnasium,Fragebogenpaket Gymnasium mit offenem Ganztag,bfr,master_14_bfr_allg_ms_leh_00_2022_v4,tmpl_bfr_allg_gy_leh_00_2022_p1,rpt_leh_p1,gy_p1,382331,LK,leh_00
Gymnasium,Fragebogenpaket Gymnasium mit offenem Ganztag,bfr,master_11_bfr_allg_gy_sus_00_2022_v4,tmpl_bfr_allg_gy_sus_00_2022_p1,rpt_sus_p1,gy_p1,153447,SuS,sus_00
Gymnasium,Fragebogenpaket Gymnasium mit offenem Ganztag,bfr,master_10_bfr_allg_gy_elt_01_2022_v4,tmpl_bfr_allg_gy_elt_01_2022_p2,rpt_elt_p2,gy_p2,197211,Elt Ganztag,elt_01
Gymnasium,Fragebogenpaket Gymnasium,bfr,master_14_bfr_allg_ms_leh_00_2022_v4,tmpl_bfr_allg_gy_leh_00_2022_p2,rpt_leh_p2,gy_p2,382331,LK,leh_00
Gymnasium,Fragebogenpaket Gymnasium,bfr,master_11_bfr_allg_gy_sus_00_2022_v4,tmpl_bfr_allg_gy_sus_00_2022_p2,rpt_sus_p2,gy_p2,153447,SuS,sus_00
Gymnasium,Fragebogenpaket Gymnasium mit offenem Ganztag,bfr,master_16_bfr_allg_ms_sus_03_2022_v4,tmpl_bfr_allg_gy_sus_03_2022_p2,rpt_sus_p2,gy_p2,778471,SuS Ganztag Sekundarst.,sus_03
Mittelschule,Fragebogenpaket Mittelschule,bfr,master_14_bfr_allg_ms_leh_00_2022_v4,tmpl_bfr_allg_ms_leh_00_2022_p1,rpt_leh_p1,ms_p1,382331,LK,leh_00
Mittelschule,Fragebogenpaket Mittelschule,bfr,master_12_bfr_allg_ms_elt_00_2022_v4,tmpl_bfr_allg_ms_elt_00_2022_p1,rpt_elt_p1,ms_p1,885785,Elt,elt_00
Mittelschule,Fragebogenpaket Mittelschule,bfr,master_15_bfr_allg_ms_sus_00_2022_v4,tmpl_bfr_allg_ms_sus_00_2022_p1,rpt_sus_p1,ms_p1,794774,SuS,sus_00
Mittelschule,Fragebogenpaket Mittelschule mit offenem Ganztag,bfr,master_14_bfr_allg_ms_leh_00_2022_v4,tmpl_bfr_allg_ms_leh_00_2022_p2,rpt_leh_p2,ms_p2,382331,LK,leh_00
Mittelschule,Fragebogenpaket Mittelschule mit offenem Ganztag,bfr,master_13_bfr_allg_ms_elt_01_2022_v4,tmpl_bfr_allg_ms_elt_01_2022_p2,rpt_elt_p2,ms_p2,829113,Elt Ganztag,elt_01
Mittelschule,Fragebogenpaket Mittelschule mit offenem Ganztag,bfr,master_15_bfr_allg_ms_sus_00_2022_v4,tmpl_bfr_allg_ms_sus_00_2022_p2,rpt_sus_p2,ms_p2,794774,SuS,sus_00
Mittelschule,Fragebogenpaket Mittelschule mit offenem Ganztag,bfr,master_16_bfr_allg_ms_sus_03_2022_v4,tmpl_bfr_allg_ms_sus_03_2022_p2,rpt_sus_p2,ms_p2,778471,SuS Ganztag Sekundarst.,sus_03
Realschule,Fragebogenpaket Realschule,bfr,master_01_bfr_allg_gm_elt_00_2022_v4,tmpl_bfr_allg_rs_elt_00_2022_p1,rpt_elt_p1,rs_p1,197865,Elt,elt_00
Realschule,Fragebogenpaket Realschule,bfr,master_14_bfr_allg_ms_leh_00_2022_v4,tmpl_bfr_allg_rs_leh_00_2022_p1,rpt_leh_p1,rs_p1,382331,LK,leh_00
Realschule,Fragebogenpaket Realschule,bfr,master_17_bfr_allg_rs_sus_00_2022_v4,tmpl_bfr_allg_rs_sus_00_2022_p1,rpt_sus_p1,rs_p1,165568,SuS,sus_00
Realschule,Fragebogenpaket Realschule mit offenem Ganztag,bfr,master_13_bfr_allg_ms_elt_01_2022_v4,tmpl_bfr_allg_rs_elt_01_2022_p2,rpt_elt_p2,rs_p2,829113,Elt Ganztag,elt_01
Realschule,Fragebogenpaket Realschule mit offenem Ganztag,bfr,master_17_bfr_allg_rs_sus_00_2022_v4,tmpl_bfr_allg_rs_sus_00_2022_p2,rpt_sus_p2,rs_p2,165568,SuS,sus_00
Realschule,Fragebogenpaket Realschule mit offenem Ganztag,bfr,master_16_bfr_allg_ms_sus_03_2022_v4,tmpl_bfr_allg_rs_sus_03_2022_p2,rpt_sus_p2,rs_p2,778471,SuS Ganztag Sekundarst.,sus_03
Realschule,Fragebogenpaket Realschule mit offenem Ganztag,bfr,master_14_bfr_allg_ms_leh_00_2022_v4,tmpl_bfr_allg_rs_leh_00_2022_p2,rpt_leh_p2,rs_p2,382331,LK,leh_00
"Berufsqualifizierende Schulen (BS, BFS, FS) FAK)",Fragebogenpaket Berufsqualifizierende Schulen,bfr,master_20_bfr_beru_bq_leh_00_2022_v4,tmpl_bfr_beru_bq_leh_00_2022_p1,rpt_leh_bq_p1,bq_p1,423442,LK,leh_00
"Berufsqualifizierende Schulen (BS, BFS, FS) FAK)",Fragebogenpaket Berufsqualifizierende Schulen,bfr,master_19_bfr_beru_bq_elt_00_2022_v4,tmpl_bfr_beru_bq_elt_00_2022_p1,rpt_elt_bq_p1,bq_p1,957592,Elt,elt_00
"Berufsqualifizierende Schulen (BS, BFS, FS) FAK)",Fragebogenpaket Berufsqualifizierende Schulen,bfr,master_18_bfr_beru_bq_aus_00_2022_v4,tmpl_bfr_beru_bq_aus_00_2022_p1,rpt_aus_bq_p1,bq_p1,674997,Ausbildungspartner,aus_00
"Berufsqualifizierende Schulen (BS, BFS, FS) FAK)",Fragebogenpaket Berufsqualifizierende Schulen,bfr,master_21_bfr_beru_bq_sus_00_2022_v4,tmpl_bfr_beru_bq_sus_00_2022_p1,rpt_sus_bq_p1,bq_p1,311393,SuS,sus_00
Berufliche Oberschulen (FOSBOS),Fragebogenpaket Berufliche Oberschulen,bfr,master_22_bfr_beru_fb_leh_00_2022_v4,tmpl_bfr_beru_fb_leh_00_2022_p1,rpt_leh_fb_p1,fb_p1,526454,LK,leh_00
Berufliche Oberschulen (FOSBOS),Fragebogenpaket Berufliche Oberschulen,bfr,master_09_bfr_allg_gy_elt_00_2022_v4,tmpl_bfr_beru_fb_elt_00_2022_p1,rpt_elt_p1,fb_p1,533711,Elt,elt_00
Berufliche Oberschulen (FOSBOS),Fragebogenpaket Berufliche Oberschulen,bfr,master_23_bfr_beru_fb_sus_00_2022_v4,tmpl_bfr_beru_fb_sus_00_2022_p1,rpt_sus_fb_p1,fb_p1,867849,SuS,sus_00
Wirtschaftsschule,Fragebogenpaket Wirtschaftsschule,bfr,master_14_bfr_allg_ms_leh_00_2022_v4,tmpl_bfr_beru_ws_leh_00_2022_p1,rpt_leh_p1,ws_p1,382331,LK,leh_00
Wirtschaftsschule,Fragebogenpaket Wirtschaftsschule,bfr,master_01_bfr_allg_gm_elt_00_2022_v4,tmpl_bfr_beru_ws_elt_00_2022_p1,rpt_elt_p1,ws_p1,197865,Elt,elt_00
Wirtschaftsschule,Fragebogenpaket Wirtschaftsschule,bfr,master_17_bfr_allg_rs_sus_00_2022_v4,tmpl_bfr_beru_ws_sus_00_2022_p1,rpt_sus_p1,ws_p1,165568,SuS,sus_00
Wirtschaftsschule,Fragebogenpaket Wirtschaftsschule mit Ganztag,bfr,master_14_bfr_allg_ms_leh_00_2022_v4,tmpl_bfr_beru_ws_leh_00_2022_p2,rpt_leh_p2,ws_p2,382331,LK,leh_00
Wirtschaftsschule,Fragebogenpaket Wirtschaftsschule mit Ganztag,bfr,master_17_bfr_allg_rs_sus_00_2022_v4,tmpl_bfr_beru_ws_sus_00_2022_p2,rpt_sus_p2,ws_p2,165568,SuS,sus_00
Wirtschaftsschule,Fragebogenpaket Wirtschaftsschule mit Ganztag,bfr,master_16_bfr_allg_ms_sus_03_2022_v4,tmpl_bfr_beru_ws_sus_03_2022_p2,rpt_sus_p2,ws_p2,778471,SuS Ganztag Sekundarst.,sus_03
Wirtschaftsschule,Fragebogenpaket Wirtschaftsschule mit Ganztag,bfr,master_13_bfr_allg_ms_elt_01_2022_v4,tmpl_bfr_beru_ws_elt_01_2022_p2,rpt_elt_p2,ws_p2,829113,Elt Ganztag,elt_01
Berufsschule sonderpädagogische Förderung,Fragebogenpaket Berufsschule sonderpädagogische Förderung,bfr,master_36_bfr_zspf_bq_leh_00_2022_v4,tmpl_bfr_zspf_bq_leh_00_2022_p1,rpt_leh_bq_p1,bq_p1,443767,LK,leh_00
Berufsschule sonderpädagogische Förderung,Fragebogenpaket Berufsschule sonderpädagogische Förderung,bfr,master_19_bfr_beru_bq_elt_00_2022_v4,tmpl_bfr_zspf_bq_elt_00_2022_p1,rpt_elt_bq_p1,bq_p1,957592,Elt,elt_00
Berufsschule sonderpädagogische Förderung,Fragebogenpaket Berufsschule sonderpädagogische Förderung,bfr,master_18_bfr_beru_bq_aus_00_2022_v4,tmpl_bfr_zspf_bq_aus_00_2022_p1,rpt_aus_bq_p1,bq_p1,674997,Ausbildungspartner,aus_00
Berufsschule sonderpädagogische Förderung,Fragebogenpaket Berufsschule sonderpädagogische Förderung,bfr,master_24_bfr_zspf_bq_sus_00_2022_v4,tmpl_bfr_zspf_bq_sus_00_2022_p1,rpt_sus_bq_p1,bq_p1,529638,SuS,sus_00
Förderzentrum,Fragebogenpaket Förderzentren mit Videos,bfr,master_25_bfr_zspf_fz_elt_00_2022_v4,tmpl_bfr_zspf_fz_elt_00_2022_p1,rpt_elt_fz_p1,fz_p1,657189,Elt,elt_00
Förderzentrum,Fragebogenpaket Förderzentren mit Videos,bfr,master_27_bfr_zspf_fz_leh_00_2022_v4,tmpl_bfr_zspf_fz_leh_00_2022_p1,rpt_leh_fz_p1,fz_p1,895737,LK,leh_00
Förderzentrum,Fragebogenpaket Förderzentrum,bfr,master_25_bfr_zspf_fz_elt_00_2022_v4,tmpl_bfr_zspf_fz_elt_00_2022_p3,rpt_elt_fz_p1,fz_p3,657189,Elt,elt_00
Förderzentrum,Fragebogenpaket Förderzentrum,bfr,master_27_bfr_zspf_fz_leh_00_2022_v4,tmpl_bfr_zspf_fz_leh_00_2022_p3,rpt_leh_fz_p1,fz_p3,895737,LK,leh_00
Förderzentrum,Fragebogenpaket Förderzentren mit Videos und offenem Ganztag,bfr,master_27_bfr_zspf_fz_leh_00_2022_v4,tmpl_bfr_zspf_fz_leh_00_2022_p2,rpt_leh_fz_p2,fz_p2,895737,LK,leh_00
Förderzentrum,Fragebogenpaket Förderzentrum mit offenem Ganztag,bfr,master_27_bfr_zspf_fz_leh_00_2022_v4,tmpl_bfr_zspf_fz_leh_00_2022_p4,rpt_leh_fz_p2,fz_p4,895737,LK,leh_00
Förderzentrum,Fragebogenpaket Förderzentren mit Videos und offenem Ganztag,bfr,master_26_bfr_zspf_fz_elt_01_2022_v4,tmpl_bfr_zspf_fz_elt_01_2022_p2,rpt_elt_fz_p2,fz_p2,928716,Elt Ganztag,elt_01
Förderzentrum,Fragebogenpaket Förderzentrum mit offenem Ganztag,bfr,master_26_bfr_zspf_fz_elt_01_2022_v4,tmpl_bfr_zspf_fz_elt_01_2022_p4,rpt_elt_fz_p2,fz_p4,928716,Elt Ganztag,elt_01
Förderzentrum,Fragebogenpaket Förderzentren mit Videos und offenem Ganztag,bfr,master_08_bfr_allg_gs_sus_02_2022_v4,tmpl_bfr_zspf_fz_sus_02_2022_p2,rpt_sus_fz_p2,fz_p2,956526,SuS Ganztag Primarst.,sus_02
Förderzentrum,Fragebogenpaket Förderzentrum mit offenem Ganztag,bfr,master_08_bfr_allg_gs_sus_02_2022_v4,tmpl_bfr_zspf_fz_sus_02_2022_p4,rpt_sus_fz_p2,fz_p4,956526,SuS Ganztag Primarst.,sus_02
kombinierte Grund- und Mittelschule,Fragebogenpaket kombinierte Grund-Mittelschule,bfr,master_37_bfr_allg_gs_sus_00_2022_v4,tmpl_bfr_allg_gm_sus_06_2022_p3,rpt_sus_gm_p1,gm_p3,479247,SuS GS,sus_06
kombinierte Grund- und Mittelschule,Fragebogenpaket kombinierte Grund-Mittelschule mit offenem Ganztag,bfr,master_37_bfr_allg_gs_sus_00_2022_v4,tmpl_bfr_allg_gm_sus_06_2022_p4,rpt_sus_gm_p2,gm_p4,479247,SuS GS,sus_06
Grundschule,Fragebogenpaket Grundschule,bfr,master_37_bfr_allg_gs_sus_00_2022_v4,tmpl_bfr_allg_gs_sus_00_2022_p3,rpt_sus_gs_p1,gs_p3,479247,SuS,sus_00
Grundschule,Fragebogenpaket Grundschule mit offenem Ganztag,bfr,master_37_bfr_allg_gs_sus_00_2022_v4,tmpl_bfr_allg_gs_sus_00_2022_p4,rpt_sus_gs_p2,gs_p4,479247,SuS,sus_00
Förderzentrum,Fragebogenpaket Förderzentrum,bfr,master_37_bfr_allg_gs_sus_00_2022_v4,tmpl_bfr_zspf_fz_sus_04_2022_p3,rpt_sus_fz_p1,fz_p3,479247,SuS GS,sus_04
Förderzentrum,Fragebogenpaket Förderzentrum mit offenem Ganztag,bfr,master_37_bfr_allg_gs_sus_00_2022_v4,tmpl_bfr_zspf_fz_sus_04_2022_p4,rpt_sus_fz_p2,fz_p4,479247,SuS GS,sus_04
Förderzentrum,Fragebogenpaket Förderzentrum,bfr,master_38_bfr_zspf_fz_sus_05_2022_v4,tmpl_bfr_zspf_fz_sus_05_2022_p3,rpt_sus_fz_p1,fz_p3,947533,SuS MS,sus_05
Förderzentrum,Fragebogenpaket Förderzentrum mit offenem Ganztag,bfr,master_38_bfr_zspf_fz_sus_05_2022_v4,tmpl_bfr_zspf_fz_sus_05_2022_p4,rpt_sus_fz_p2,fz_p4,947533,SuS MS,sus_05
kombinierte Grund- und Mittelschule,UBB-Mappe Grund-Mittelschule,UBB,master_29_ubb_allg_gm_eva_00_2022_v4,tmpl_ubb_allg_gm_eva_00_2022_p1,rpt_ubb_gm_p1,gm_p1,513353,NA,eva_00
Grundschule,UBB-Mappe Grundschule,UBB,master_30_ubb_allg_gs_eva_00_2022_v4,tmpl_ubb_allg_gs_eva_00_2022_p1,rpt_ubb_gs_p1,gs_p1,333226,NA,eva_00
Gymnasium,UBB-Mappe Gymnasium,UBB,master_34_ubb_beru_fb_eva_00_2022_v4,tmpl_ubb_allg_gy_eva_00_2022_p1,rpt_ubb_fb_p1,gy_p1,475112,NA,eva_00
Mittelschule,UBB-Mappe Mittelschule,UBB,master_31_ubb_allg_ms_eva_00_2022_v4,tmpl_ubb_allg_ms_eva_00_2022_p1,rpt_ubb_ms_p1,ms_p1,361259,NA,eva_00
Realschule,UBB-Mappe Realschule,UBB,master_32_ubb_allg_rs_eva_00_2022_v4,tmpl_ubb_allg_rs_eva_00_2022_p1,rpt_ubb_p1,rs_p1,651641,NA,eva_00
"Berufsqualifizierende Schulen (BS, BFS, FS) FAK)",UBB-Mappe Berufsqualifizierende Schulen,UBB,master_33_ubb_beru_bq_eva_00_2022_v4,tmpl_ubb_beru_bq_eva_00_2022_p1,rpt_ubb_p1,bq_p1,667862,NA,eva_00
Berufliche Oberschulen (FOSBOS),UBB-Mappe Berufliche Oberschulen,UBB,master_34_ubb_beru_fb_eva_00_2022_v4,tmpl_ubb_beru_fb_eva_00_2022_p1,rpt_ubb_fb_p1,fb_p1,475112,NA,eva_00
Wirtschaftsschule,UBB-Mappe Wirtschaftsschule,UBB,master_32_ubb_allg_rs_eva_00_2022_v4,tmpl_ubb_beru_ws_eva_00_2022_p1,rpt_ubb_p1,ws_p1,651641,NA,eva_00
Berufsschule sonderpädagogische Förderung,UBB-Mappe Berufsschule sonderpädagogische Förderung,UBB,master_33_ubb_beru_bq_eva_00_2022_v4,tmpl_ubb_zspf_bq_eva_00_2022_p1,rpt_ubb_p1,bq_p1,667862,NA,eva_00
Förderzentrum,UBB-Mappe Förderzentren,UBB,master_35_ubb_zspf_fz_eva_00_2022_v4,tmpl_ubb_zspf_fz_eva_00_2022_p1,rpt_ubb_fz_p1,fz_p1,744971,NA,eva_00
"Berufsqualifizierende Schulen (BS, BFS, FS) FAK)",Fragebogenpaket Berufsqualifizierende Schulen ohne Elternfragebogen,bfr,master_18_bfr_beru_bq_aus_00_2022_v4,tmpl_bfr_beru_bq_aus_00_2022_p5,rpt_aus_bq_p1,bq_p5,674997,Ausbildungspartner,aus_00
"Berufsqualifizierende Schulen (BS, BFS, FS) FAK)",Fragebogenpaket Berufsqualifizierende Schulen ohne Elternfragebogen,bfr,master_20_bfr_beru_bq_leh_00_2022_v4,tmpl_bfr_beru_bq_leh_00_2022_p5,rpt_leh_bq_p1,bq_p5,423442,LK,leh_00
"Berufsqualifizierende Schulen (BS, BFS, FS) FAK)",Fragebogenpaket Berufsqualifizierende Schulen ohne Elternfragebogen,bfr,master_21_bfr_beru_bq_sus_00_2022_v4,tmpl_bfr_beru_bq_sus_00_2022_p5,rpt_sus_bq_p1,bq_p5,311393,SuS,sus_00
